acc,correct,label,total
0.8695035460992908,613,true,705
0.37294332723948814,204,false,547
