{
    "acc": 0.652555910543131,
    "loss": 0.6378627732396126
}